"","year","month","all","ep","epu","ep_count","epu_count"
"5","1985",1,59985,74.6245517409487,77.8581544741566,36,2
"4","1985",2,58961,54.8315351299545,79.2103491482892,26,2
"8","1985",3,68418,56.3395296484701,0,31,0
"1","1985",4,75011,72.9372893427318,62.2618202147989,44,2
"9","1985",5,78412,65.0164456061902,89.3419641661789,41,3
"7","1985",6,79103,58.1608396080953,88.5615222456597,37,3
"6","1985",7,81365,82.523574070807,143.499090399197,54,5
"2","1985",8,87246,82.661706457885,80.2957395662658,58,3
"12","1985",9,85422,71.3260612907615,27.3367598284533,49,1
"11","1985",10,97953,54.5849116571141,23.8396036677401,43,1
"10","1985",11,101158,63.9182692974802,0,52,0
"3","1985",12,100592,72.9307141816744,69.6425371222207,59,3
"17","1986",1,124178,92.1223619250489,244.464309900786,92,13
"16","1986",2,114337,76.1260235416785,142.964437465239,70,7
"20","1986",3,130844,71.2737072420339,124.928348922862,75,7
"13","1986",4,129030,85.7671950795448,36.1956242434494,89,2
"21","1986",5,130865,107.368486648334,267.660646246071,113,15
"19","1986",6,125305,49.6162002068376,37.2716283957726,50,2
"18","1986",7,126169,55.1896022235884,148.065575414952,56,8
"14","1986",8,130731,58.9705263401799,71.4493333047599,62,4
"24","1986",9,128605,55.1110771920709,54.4728594860108,57,3
"23","1986",10,140455,100.037570789464,149.631172137662,113,9
"22","1986",11,133765,62.2808034663016,69.828750362685,67,4
"15","1986",12,134273,57.4149373215617,34.7822823362275,62,2
"29","1987",1,145115,91.6839613355205,177.009734891138,107,11
"28","1987",2,141594,71.131516211187,16.4919466789987,81,1
"32","1987",3,157931,92.9044506900227,207.003373453761,118,14
"25","1987",4,154602,84.4493068040993,90.6260215805542,105,6
"33","1987",5,161273,74.0169978637599,86.8773085910031,96,6
"31","1987",6,150512,83.4395868314415,93.0886852104606,101,6
"30","1987",7,160263,76.0352022310755,58.283214417954,98,4
"26","1987",8,158512,68.2462833251549,88.3905583703243,87,6
"36","1987",9,163488,67.6902352534355,71.4168837488421,89,5
"35","1987",10,173557,54.4494322309964,40.3641575632122,76,3
"34","1987",11,163685,87.3596439741632,0,115,0
"27","1987",12,165028,56.5100283005107,84.9005271129556,75,6
"41","1988",1,174557,64.822536476855,80.2658397451655,91,6
"40","1988",2,171706,70.2438263998958,81.5985707453254,97,6
"44","1988",3,187244,74.3758616879358,74.8273065539982,112,6
"37","1988",4,184518,62.6709254298609,63.2773143559474,93,5
"45","1988",5,188778,81.0169013265198,37.1096319179058,123,3
"43","1988",6,184919,84.7248691407201,75.76811570686,126,6
"42","1988",7,183359,89.5145426876398,50.9418288290434,132,4
"38","1988",8,189432,82.049996396039,61.6358560873068,125,5
"48","1988",9,196168,113.461041156385,178.558228003508,179,15
"47","1988",10,196072,143.956797348967,131.00681218495,227,11
"46","1988",11,192187,98.9895434070381,157.955996372595,153,13
"39","1988",12,184966,78.6531018813599,63.1240524762967,117,5
"53","1989",1,221530,99.910090562124,189.739053695619,178,18
"52","1989",2,211548,99.334401309311,33.115331244911,169,3
"56","1989",3,244714,113.309923144787,229.01777893209,223,24
"49","1989",4,238454,106.376930162734,117.515027539038,204,12
"57","1989",5,245404,115.018081081835,95.1557716282596,227,10
"55","1989",6,237848,119.717565371512,137.450177310408,229,14
"54","1989",7,230685,133.137223298324,101.227244860574,247,10
"50","1989",8,240997,85.6482215553183,67.8270886627758,166,7
"60","1989",9,238723,88.0266833450573,0,169,0
"59","1989",10,258001,99.2813625672043,81.4587783868871,206,9
"58","1989",11,255236,86.2289771148622,146.384409601538,177,16
"51","1989",12,243647,70.9374593080623,67.0893747366599,139,7
"65","1990",1,271018,140.851714339546,163.708880086403,307,19
"64","1990",2,256182,134.932970685149,236.996268862448,278,26
"68","1990",3,295264,142.761498237857,134.448262799137,339,17
"61","1990",4,289540,225.032173424392,500.034410720801,524,62
"69","1990",5,300943,136.34888527614,93.1137403986592,330,12
"67","1990",6,287446,129.341179359491,121.857359194395,299,15
"66","1990",7,286978,128.685537997657,130.193154768164,297,16
"62","1990",8,302171,177.767703830512,332.301610733141,432,43
"72","1990",9,300318,206.605120271977,225.493178044333,499,29
"71","1990",10,325577,223.421028552195,136.275146165904,585,19
"70","1990",11,314661,116.968976657906,89.0543422184309,296,12
"63","1990",12,295187,145.326149091026,150.304902530452,345,19
"77","1991",1,328377,157.143804606954,170.669251359222,415,24
"76","1991",2,304451,182.562685700638,230.102121333102,447,30
"80","1991",3,340654,125.929506102182,143.953614692295,345,21
"73","1991",4,322521,140.33476889617,137.566401143667,364,19
"81","1991",5,332310,136.949223068334,112.432882456316,366,16
"79","1991",6,311771,96.516496274131,112.349803127912,242,15
"78","1991",7,308303,96.3922345285872,75.742392972697,239,10
"74","1991",8,324442,95.8130878079562,129.554412083487,250,18
"84","1991",9,320491,117.16907532562,138.437751023451,302,19
"83","1991",10,342665,107.409788464399,74.9617488763882,296,11
"82","1991",11,325502,118.039324598779,114.784459601042,309,16
"75","1991",12,312090,111.956255484245,97.270303677977,281,13
"89","1992",1,332245,151.197569181465,147.597028275486,404,21
"88","1992",2,324912,166.856310236381,222.798732087613,436,31
"92","1992",3,354299,147.050326878628,118.636780135396,419,18
"85","1992",4,344396,136.475784358409,149.169953650609,378,22
"93","1992",5,343983,170.257332625059,122.194679868454,471,18
"91","1992",6,320720,174.852721568965,131.057908971036,451,18
"90","1992",7,324362,121.904306514318,100.789395098458,318,14
"86","1992",8,325362,173.886739997147,186.605006576428,455,26
"96","1992",9,328794,164.508094162864,92.3285980731395,435,13
"95","1992",10,353089,231.015728402645,224.859635203161,656,34
"94","1992",11,332411,157.481160615767,112.398720767539,421,16
"87","1992",12,335697,215.204114351885,125.210807857057,581,18
"101","1993",1,339460,224.906321315473,165.097085823329,614,24
"100","1993",2,323191,699.449748529912,397.392991740605,1818,55
"104","1993",3,362339,265.612052050393,186.895863387375,774,29
"97","1993",4,350192,253.165899301662,200.046891253896,713,30
"105","1993",5,358702,471.093982026377,729.123334086255,1359,112
"103","1993",6,335766,435.874682193089,271.234333507799,1177,39
"102","1993",7,340536,260.7096335412,260.577755439993,714,38
"98","1993",8,346128,159.861975643601,155.170041301256,445,23
"108","1993",9,351791,97.9077211660461,66.3792052117917,277,10
"107","1993",10,373817,83.4904057170415,74.9616212660037,251,12
"106","1993",11,355635,96.8494527724339,98.4925850127015,277,15
"99","1993",12,357915,95.8850899721615,78.2921318659282,276,12
"113","1994",1,361264,96.3729699464647,77.5663458766821,280,12
"112","1994",2,345830,88.0897378419951,67.5233698078866,245,10
"116","1994",3,391389,81.9658577765235,35.7980530582026,258,6
"109","1994",4,375693,86.3832027408305,149.174609996959,261,24
"117","1994",5,388779,87.6334001031678,108.115131128972,274,18
"115","1994",6,376257,85.5927684232695,49.6503336403818,259,8
"114","1994",7,368114,89.5128607568967,50.7486419547453,265,8
"110","1994",8,375548,72.1793452122273,93.2701291738795,218,15
"120","1994",9,385267,84.5592997756081,84.8560862283195,262,14
"119","1994",10,403307,101.125336934347,69.480391802755,328,12
"118","1994",11,386546,96.8249340591937,72.4931272779791,301,12
"111","1994",12,377451,105.417156103107,111.359865426746,320,18
"125","1995",1,395071,101.030331630548,94.5717887900105,321,16
"124","1995",2,377102,106.833651440797,198.156314042664,324,32
"128","1995",3,432866,127.828718138103,145.655558181483,445,27
"121","1995",4,409539,120.2324835925,96.9327264732404,396,17
"129","1995",5,420575,115.007998532058,116.598406133006,389,21
"127","1995",6,412251,124.870692772314,84.9662231771229,414,15
"126","1995",7,397739,110.044003950081,58.7108807048376,352,10
"122","1995",8,413411,75.7949743796504,39.5396467110526,252,7
"132","1995",9,416539,77.6139123298719,78.4854473961045,260,14
"131","1995",10,443817,64.438556089158,68.4000141383945,230,13
"130","1995",11,429080,82.3004037757365,97.9605028553895,284,18
"123","1995",12,412187,84.4667216936478,118.97118215613,280,21
"137","1996",1,432727,86.2043454684055,151.098728634571,300,28
"136","1996",2,424139,67.7213597597961,82.5847433765631,231,15
"140","1996",3,463145,81.079649181538,45.3776814660533,302,9
"133","1996",4,443623,73.9966008645312,89.4852878843622,264,17
"141","1996",5,465925,77.1265183211564,65.1544542037019,289,13
"139","1996",6,435404,54.5459927644807,75.0848631912568,191,14
"138","1996",7,439892,55.402824398529,42.4678911744908,196,8
"134","1996",8,455999,68.1707412397592,61.4517320801004,250,12
"144","1996",9,446753,61.7884633636819,67.950498541386,222,13
"143","1996",10,478659,92.2197672353727,92.6924037012919,355,19
"142","1996",11,460483,92.079441226667,65.9244512280797,341,13
"135","1996",12,446070,95.6121318471451,78.524470309575,343,15
"149","1997",1,472811,61.5389643751419,64.2055474065955,234,13
"148","1997",2,444526,49.7902987951826,78.7972142709135,178,15
"152","1997",3,494407,74.1923799719966,51.9547006388007,295,11
"145","1997",4,479079,59.1765456827477,29.2456237664286,228,6
"153","1997",5,491657,70.5608614448716,56.994873207935,279,12
"151","1997",6,466799,111.610744159201,105.052441542053,419,21
"150","1997",7,460533,96.9294148355703,106.481782324804,359,21
"146","1997",8,471867,51.9120904612022,108.872914099641,197,22
"156","1997",9,479528,61.4548655410952,53.5667733244514,237,11
"155","1997",10,524240,65.2265542843885,66.8156006237451,275,15
"154","1997",11,493406,64.5145150051257,127.783891658767,256,27
"147","1997",12,480819,63.6173221050655,92.275998376222,246,19
"161","1998",1,498483,42.9042182104449,46.8453427311692,172,10
"160","1998",2,476461,45.6701658356345,63.7136913091729,175,13
"164","1998",3,526503,57.3888234620134,57.6579603057529,243,13
"157","1998",4,545484,53.5682851275447,21.4044838901429,235,5
"165","1998",5,520033,68.6235041432142,31.4328607731874,287,7
"163","1998",6,485095,61.0059306373569,28.8829284746222,238,6
"162","1998",7,500134,63.3980205930425,46.6907008534941,255,10
"158","1998",8,498350,40.6700812123046,60.9151983041233,163,13
"168","1998",9,517097,44.4858207987975,27.0954273345172,185,6
"167","1998",10,546345,63.0426839025241,38.4673535633991,277,9
"166","1998",11,513088,39.5018690208151,36.4095156864498,163,8
"159","1998",12,504551,50.0279681254942,55.5383467217262,203,12
"173","1999",1,522865,46.1353751190862,44.6608722723101,194,10
"172","1999",2,510452,50.4240045744549,64.0456884739916,207,14
"176","1999",3,565723,59.1248894989557,94.9381518084314,269,23
"169","1999",4,558254,47.8882000984256,75.2934910725056,215,18
"177","1999",5,563723,40.1446366381729,45.5662935142394,182,11
"175","1999",6,530388,40.3233546124671,26.4164426578219,172,6
"174","1999",7,528776,47.2657136992025,52.9939490006991,201,12
"170","1999",8,545645,52.8688304052975,42.7963364104159,232,10
"180","1999",9,556845,48.679271136064,46.1291161431414,218,11
"179","1999",10,604812,49.9583138549176,15.443878084867,243,4
"178","1999",11,560211,54.1576850125378,41.683592397617,244,10
"171","1999",12,565149,56.3247016107594,33.0555049810389,256,8
"185","2000",1,564980,48.1984351571735,66.1307854597654,219,16
"184","2000",2,553251,52.3667487737697,59.0911715892533,233,14
"188","2000",3,620467,66.9344465040217,60.2168546740733,334,16
"181","2000",4,576804,76.9594314252207,60.726712143106,357,15
"189","2000",5,606632,71.7405375391086,65.4395611624913,350,17
"187","2000",6,570984,94.9476998856765,77.7045473485363,436,19
"186","2000",7,567923,74.8787432340611,45.2293139716609,342,11
"182","2000",8,610823,56.3879473050696,38.2297441004373,277,10
"192","2000",9,644022,86.1104885623576,181.29510312273,446,50
"191","2000",10,659643,110.649903859534,159.301669862299,587,45
"190","2000",11,639747,63.9454337766633,51.1018414669017,329,14
"183","2000",12,602942,161.269824630884,162.663654744201,782,42
"197","2001",1,627743,173.913996490724,215.756002835294,878,58
"196","2001",2,609446,125.068269665257,134.106425232613,613,35
"200","2001",3,681411,131.019881400417,106.235416863024,718,31
"193","2001",4,666971,135.534343830518,161.052567669423,727,46
"201","2001",5,695469,187.729887752399,110.803361524644,1050,33
"199","2001",6,643216,147.499176909725,177.89183447744,763,49
"198","2001",7,632109,136.714547238146,151.463732711782,695,41
"194","2001",8,679921,108.630027086946,65.2547182146995,594,19
"204","2001",9,706977,50.6534581598078,56.1513767309607,288,17
"203","2001",10,744039,52.8096488906098,84.7392930313946,316,27
"202","2001",11,717481,64.4695194351743,91.1306355789937,372,28
"195","2001",12,696411,69.4553776184184,114.006619272597,389,34
"209","2002",1,738087,150.10392402315,91.7502411557419,891,29
"208","2002",2,708962,116.281993451454,118.575868848233,663,36
"212","2002",3,776997,111.541205511519,126.225389954888,697,42
"205","2002",4,745212,96.6096751755312,119.074983396018,579,38
"213","2002",5,774573,85.4026163679927,87.4283769817927,532,29
"211","2002",6,711172,75.532001870391,131.341543146588,432,40
"210","2002",7,708821,72.624919360571,59.2997280909997,414,18
"206","2002",8,752472,64.7765212003044,117.926124196666,392,38
"216","2002",9,766400,59.2187541212159,100.548412103579,365,33
"215","2002",10,833088,82.538419847736,47.6513067852668,553,17
"214","2002",11,807748,82.664737721043,80.9466560682935,537,28
"207","2002",12,767460,82.6297282758208,112.580389633919,510,37
"221","2003",1,830703,76.1892855848878,78.7098391914462,509,28
"220","2003",2,786595,63.2310957167822,89.0608520801483,400,30
"224","2003",3,865475,57.1808283505192,43.1700178157177,398,16
"217","2003",4,830142,71.7472111073435,61.8852381369153,479,22
"225","2003",5,865279,58.9182163541769,64.7696948077873,410,24
"223","2003",6,803231,75.2346154947218,75.5874438981061,486,26
"222","2003",7,816609,72.9362195653886,62.9108120991259,479,22
"218","2003",8,829202,112.466406863185,64.7715466864784,750,23
"228","2003",9,844634,94.9539537518493,110.588051064302,645,40
"227","2003",10,928067,74.7612865351343,52.8392612380237,558,21
"226","2003",11,845560,88.6736897216383,52.4717977000528,603,19
"219","2003",12,827774,65.7936873955933,59.2412598842063,438,21
"233","2004",1,888167,59.7798939135071,36.8086742391082,427,14
"232","2004",2,870310,72.2933651517367,42.9301871391323,506,16
"236","2004",3,924495,64.4247652210909,58.0951720188008,479,23
"229","2004",4,912066,78.5268388240466,53.7662566737374,576,21
"237","2004",5,914998,63.3268184757494,45.9376879131873,466,18
"235","2004",6,863907,62.1782724693395,40.5453485976987,432,15
"234","2004",7,859333,62.364533510096,51.6308034990588,431,19
"230","2004",8,885146,59.9839224686977,52.7632887244848,427,20
"240","2004",9,909719,63.0108818821878,71.8732922428266,461,28
"239","2004",10,977295,97.4596821360802,76.4611937420293,766,32
"238","2004",11,908039,61.7581016471742,41.1464388303347,451,16
"231","2004",12,910052,54.9264767881605,56.451208675389,402,22
"245","2005",1,940902,49.953889172197,42.1911441012182,378,17
"244","2005",2,950366,65.9419132276736,56.5136968868007,504,23
"248","2005",3,1045896,65.1499301244282,62.5152974539074,548,28
"241","2005",4,1007222,75.1820194922853,115.920854492165,609,50
"249","2005",5,993337,66.5942784452862,44.6656605595651,532,19
"247","2005",6,960495,75.8620204918052,60.7801367541252,586,25
"246","2005",7,931704,77.8058931745076,70.1773305103895,583,28
"242","2005",8,977917,78.0707358945089,45.3699580468043,614,19
"252","2005",9,1024047,63.3829591558021,25.0835827640016,522,11
"251","2005",10,1052000,63.1171550253631,39.9552210695728,534,18
"250","2005",11,1036401,48.230318239773,27.0377280384655,402,12
"243","2005",12,1005345,53.6780221245905,44.1321668315421,434,19
"257","2006",1,1043108,57.814178665203,44.7731337132136,485,20
"256","2006",2,1011051,65.919457480739,50.8120118148888,536,22
"260","2006",3,1157023,56.4207960020127,42.3832323639106,525,21
"253","2006",4,1087167,90.4694854025549,120.284187334332,791,56
"261","2006",5,1135886,82.2104618448552,53.4509432722295,751,26
"259","2006",6,1069457,63.7146246342012,170.313097627262,548,78
"258","2006",7,1016493,60.5511930455853,66.6208820364902,495,29
"254","2006",8,1111133,64.1225040574601,37.8288580801673,573,18
"264","2006",9,1097113,52.0215421167239,53.2114900212225,459,25
"263","2006",10,1161078,64.3628066007209,54.3024145214928,601,27
"262","2006",11,1137117,69.1088750777983,137.589858185597,632,67
"255","2006",12,1079220,60.6034930894304,86.5499415528304,526,40
"269","2007",1,1148716,84.5396141807512,83.346613628357,781,41
"268","2007",2,1104827,60.436861666756,86.6575388008365,537,41
"272","2007",3,1233508,50.9062733811776,51.1138467263981,505,27
"265","2007",4,1177823,76.2217761431835,85.2521219375441,722,43
"273","2007",5,1239950,76.01283501631,41.4319410923465,758,22
"271","2007",6,1131004,102.794379136911,53.6816652723772,935,26
"270","2007",7,1139018,82.202738658899,36.902746545876,753,18
"266","2007",8,1231584,64.817591244466,49.2976347124676,642,26
"276","2007",9,1183623,56.6235726100065,55.2409842879464,539,28
"275","2007",10,1265059,64.1836333704169,51.684940817663,653,28
"274","2007",11,1234487,63.5571970725512,54.8565195452995,631,29
"267","2007",12,1164008,139.511211345534,170.521731238636,1306,85
"281","2008",1,1280796,102.033938632391,125.801523557665,1051,69
"280","2008",2,1230321,72.9693803830812,93.0024556235656,722,49
"284","2008",3,1272457,87.1653015621065,93.593100278731,892,51
"277","2008",4,1287436,95.5196099733376,52.6004090641539,989,29
"285","2008",5,1317073,130.944877013119,99.2875862550549,1387,56
"283","2008",6,1208645,191.250477361014,243.438104618257,1859,126
"282","2008",7,1270808,221.229236252858,200.291874216411,2261,109
"278","2008",8,1287141,187.508650781654,107.039152032219,1941,59
"288","2008",9,1292010,158.026228615553,112.057927787015,1642,62
"287","2008",10,1421912,206.114602423008,229.917531977548,2357,140
"286","2008",11,1271859,141.759095183205,121.17743088846,1450,66
"279","2008",12,1246147,133.009533705115,148.038469897392,1333,79
"293","2009",1,1258676,151.937257135586,122.446607444938,1538,66
"292","2009",2,1219138,129.224733280151,103.432652985611,1267,54
"296","2009",3,1313462,174.662935798117,174.230962456837,1845,98
"289","2009",4,1315939,164.790670301657,251.981907311351,1744,142
"297","2009",5,1295846,147.099318333891,142.360816908201,1533,79
"295","2009",6,1205437,161.535930557852,193.719016262662,1566,100
"294","2009",7,1247976,254.968160242547,215.183208873894,2559,115
"290","2009",8,1217277,194.38881390258,141.957739821663,1903,74
"300","2009",9,1289764,145.093563476904,124.926799140435,1505,69
"299","2009",10,1373805,139.11394695976,122.383868351594,1537,72
"298","2009",11,1272205,149.148652261492,124.815519093619,1526,68
"291","2009",12,1268728,202.088701877542,294.488425959372,2062,160
"305","2010",1,1345898,190.224344696013,307.09863864699,2059,177
"304","2010",2,1288379,157.506475998287,237.43483202277,1632,131
"308","2010",3,1422339,120.292129548285,129.700229795587,1376,79
"301","2010",4,1416400,155.385055089586,118.703452598674,1770,72
"309","2010",5,1419562,169.666911088346,240.168067275439,1937,146
"307","2010",6,1334799,208.573975376501,339.392804028795,2239,194
"306","2010",7,1287660,173.044857753082,261.142802076266,1792,144
"302","2010",8,1245443,143.767438130233,275.619697260913,1440,147
"312","2010",9,1312863,150.591206659024,257.908327997354,1590,145
"311","2010",10,1411065,255.812589469122,385.5899215482,2903,233
"310","2010",11,1298239,139.644800622476,262.61224775843,1458,146
"303","2010",12,1298763,129.918751321179,195.980726344383,1357,109
"317","2011",1,1329426,121.965028348487,142.27795796333,1304,81
"316","2011",2,1291547,127.275009461759,173.571249837868,1322,96
"320","2011",3,1478211,135.513015188015,328.581931265399,1611,208
"313","2011",4,1399083,140.333238696535,140.20147384934,1579,84
"321","2011",5,1401145,97.7071027135162,108.329577148903,1101,65
"319","2011",6,1344487,138.263161496423,217.105176367096,1495,125
"318","2011",7,1273237,115.14006022439,176.067320549395,1179,96
"314","2011",8,1347715,119.202770515395,195.792996947777,1292,113
"324","2011",9,1379758,129.321543089832,372.337289274315,1435,220
"323","2011",10,1440899,116.326389835862,186.37217478644,1348,115
"322","2011",11,1375337,86.7928609241382,147.715782191386,960,87
"315","2011",12,1281177,133.449042630518,291.626927185379,1375,160
"329","2012",1,1296736,138.560096460593,237.705448252174,1445,132
"328","2012",2,1300187,126.333607001122,143.681528768778,1321,80
"332","2012",3,1365763,132.376520434343,143.621915835731,1454,84
"325","2012",4,1298720,116.136081894038,116.873109965427,1213,65
"333","2012",5,1386905,80.5999691724969,149.851144907464,899,89
"331","2012",6,1261621,116.890085830285,166.582882518564,1186,90
"330","2012",7,1231820,97.8134154331531,240.753850931467,969,127
"326","2012",8,1327752,120.058512637731,327.124259530622,1282,186
"336","2012",9,1269720,102.434351406546,161.842092295798,1046,88
"335","2012",10,1373435,147.208988473547,241.433208797935,1626,142
"334","2012",11,1296211,111.660399016708,192.763519745687,1164,107
"327","2012",12,1199060,75.1828853604556,93.4796536513392,725,48
"341","2013",1,1320665,94.0577786032168,123.77192464753,999,70
"340","2013",2,1226594,88.2956314670607,81.8623847963092,871,43
"344","2013",3,1321970,84.6530885001325,97.1533683772232,900,55
"337","2013",4,1284248,61.5786431742111,58.1859129530406,636,32
"345","2013",5,1329413,67.5303769726134,161.601236201305,722,92
"343","2013",6,1186073,81.6672507717308,110.253752586648,779,56
"342","2013",7,1178338,97.9264454392493,146.648832216982,928,74
"338","2013",8,1238681,83.2179383485311,139.504756799284,829,74
"348","2013",9,1212604,75.5736484725171,117.47017375997,737,61
"347","2013",10,1338416,76.923868163679,92.4701415684701,828,53
"346","2013",11,1213734,64.0292474186867,88.5015926974465,625,46
"339","2013",12,1162173,83.3467316179081,106.493195933398,779,53
"353","2014",1,1262800,97.2846384433762,114.64995508402,988,62
"352","2014",2,1188757,102.193523717272,129.64853714625,977,66
"356","2014",3,1249965,89.8280134904059,65.3863303631021,903,35
"349","2014",4,1269042,89.2615202311997,103.045446164669,911,56
"357","2014",5,1286042,103.164710805732,79.894024234753,1067,44
"355","2014",6,1164452,170.318174681891,200.537308370473,1595,100
"354","2014",7,1204747,113.738537295273,124.051178111448,1102,64
"350","2014",8,1186288,103.03511932145,94.4860889658959,983,48
"360","2014",9,1219524,92.2741653310734,84.2517824289724,905,44
"359","2014",10,1340686,119.642239529971,107.989464557772,1290,62
"358","2014",11,1183012,150.198285980624,104.617296356677,1429,53
"351","2014",12,1181037,120.127942481958,152.245335032766,1141,77
"365","2015",1,1234663,158.014305929537,166.437433882623,1569,88
"364","2015",2,1198449,100.018278293173,62.3515413155808,964,32
"368","2015",3,1301355,85.134152456843,118.430870955554,891,66
"361","2015",4,1337701,98.6230047357335,270.576091518398,1061,155
"369","2015",5,1273455,90.2215462883578,205.376709961018,924,112
"367","2015",6,1195706,111.166823059098,103.506645444202,1069,53
"366","2015",7,1202570,98.0211672108578,149.519257715636,948,77
"362","2015",8,1174780,147.122858305653,190.823326081777,1390,96
"372","2015",9,1226693,114.94737696367,108.506496564153,1134,57
"371","2015",10,1297672,103.102509299785,138.561496087681,1076,77
"370","2015",11,1168243,97.0696689957316,205.883152649588,912,103
"363","2015",12,1179918,118.134210697944,89.0589273262857,1121,45
"377","2016",1,1181798,95.3250067782737,116.580397991791,906,59
"376","2016",2,1180383,84.5891180648143,71.2190747667334,803,36
"380","2016",3,1311944,76.3909026808421,72.9768866816814,806,41
"373","2016",4,1284437,91.3862979775636,83.6299422323107,944,46
"381","2016",5,1289978,85.2102538610011,39.8251252017128,884,22
"379","2016",6,1218408,71.7438173541737,90.0786541200555,703,47
"378","2016",7,1144682,60.9396429653105,83.640337334484,561,41
"374","2016",8,1223039,57.9504012732732,103.102744634939,570,54
"384","2016",9,1260810,79.7849127979075,90.7534634126006,809,49
"383","2016",10,1263148,87.512364862865,90.5854849987815,889,49
"382","2016",11,1229990,107.56276192165,178.46088636348,1064,94
"375","2016",12,1198315,147.657598993988,399.48422835695,1423,205
"389","2017",1,1226859,142.499245658815,203.660073971888,1406,107
"388","2017",2,1191615,119.583305515419,186.167735649755,1146,95
"392","2017",3,1343080,169.052185239775,255.583154105282,1826,147
"385","2017",4,1251385,116.95193608781,147.418816069575,1177,79
"393","2017",5,1216243,112.45900307109,117.118702908904,1100,61
"391","2017",6,1110553,121.929975894414,86.2107334100324,1089,41
"390","2017",7,1048550,103.288247373714,122.487090166075,871,55
"386","2017",8,1169979,87.785720609927,75.8441873969647,826,38
"396","2017",9,1209330,72.7964714441516,71.4453009752898,708,37
"395","2017",10,1269505,96.1831441942059,134.278109151857,982,73
"394","2017",11,1250433,103.417684683538,125.121271407929,1040,67
"387","2017",12,1168816,84.043250500764,77.9175398219904,790,39
"401","2018",1,1239631,147.14976855965,226.050561633209,1467,120
"400","2018",2,1132802,116.791038094928,107.192921887002,1064,52
"404","2018",3,1255330,104.599090487205,167.417701182918,1056,90
"397","2018",4,1215727,137.974168499541,140.217936229785,1349,73
"405","2018",5,1274801,92.5647675300691,197.832724786961,949,108
"403","2018",6,1160696,104.664155535621,116.688022090053,977,58
"402","2018",7,1044437,125.124502928,268.296971256224,1051,120
"398","2018",8,1151162,163.319200007987,275.879376609891,1512,136
"408","2018",9,1145187,112.379174680815,163.128690637679,1035,80
"407","2018",10,1229677,149.048747650591,212.6883711604,1474,112
"406","2018",11,1189072,138.76651072601,245.481423545645,1327,125
"399","2018",12,1140652,215.840988741478,354.168318440192,1980,173
"413","2019",1,1212379,156.405973702112,398.702274206078,1525,207
"412","2019",2,1126379,149.029114629073,230.120445680665,1350,111
"416","2019",3,1237567,183.565780366781,339.641349237581,1827,180
"409","2019",4,1197891,131.516793165402,154.002071262932,1267,79
"417","2019",5,1245573,120.09317854838,157.480531962041,1203,84
"415","2019",6,1104026,194.957373118653,319.384928804201,1731,151
"414","2019",7,1103463,168.125250899058,435.939495752576,1492,206
"410","2019",8,1163959,206.925415447103,792.457875007733,1937,395
"420","2019",9,1166354,210.978066976755,608.639274364478,1979,304
"419","2019",10,1260960,118.62772862267,214.819376487496,1203,116
"418","2019",11,1150155,124.002072556389,170.545273148016,1147,84
"411","2019",12,1101549,133.198730169298,201.389376520049,1180,95
"425","2020",1,1151639,130.212549385751,253.460578582583,1206,125
"424","2020",2,1093390,187.869743848914,305.406103790466,1652,143
"428","2020",3,1165889,114.009856283662,376.545461220094,1069,188
"421","2020",4,1063730,181.652552444516,500.518589453226,1554,228
"429","2020",5,1117965,98.543370475626,288.24889538861,886,138
"427","2020",6,1027155,99.0237153484868,368.29498282802,818,162
"426","2020",7,1038182,128.513314592293,281.159842164734,1073,125
"422","2020",8,1029222,137.001679608185,254.112327742127,1134,112
"432","2020",9,1038668,132.164318058845,339.482168900926,1104,151
"431","2020",10,1101025,143.42618229351,296.925589999555,1270,140
"430","2020",11,1015320,144.266085274183,278.291025948472,1178,121
"423","2020",12,1020313,166.471225649574,192.248357746648,1366,84
"437","2021",1,1015861,170.628032888031,289.636326186687,1394,126
"436","2021",2,954139,184.532771035574,166.423264816235,1416,68
"440","2021",3,1044774,184.948390380891,158.691171069242,1554,71
"433","2021",4,997698,192.428809137055,177.881696718874,1544,76
"441","2021",5,993175,164.384492371698,190.447822934888,1313,81
"439","2021",6,939112,138.495668959528,303.360627022197,1046,122
"438","2021",7,933079,108.208035313993,285.300944056763,812,114
"434","2021",8,955308,122.610986296285,171.108426669336,942,70
"444","2021",9,987650,102.480971701941,163.140878009987,814,69
"443","2021",10,1019208,177.753690273216,144.342591481,1457,63
"442","2021",11,944418,168.262948857835,314.0192252312,1278,127
"435","2021",12,943198,130.249471930915,378.795954618351,988,153
"449","2022",1,940745,139.709187314992,337.58548271529,1057,136
"448","2022",2,898622,173.655513630466,252.064369348197,1255,97
"452","2022",3,1003461,254.148212838334,644.6085232653,2051,277
"445","2022",4,932807,231.542074374146,673.406425744867,1737,269
"453","2022",5,948708,134.080298683196,327.367717825502,1023,133
"451","2022",6,916290,147.373289069459,254.849523411381,1086,100
"450","2022",7,890392,364.206955536923,731.711240397997,2608,279
"446","2022",8,929289,261.454222902829,680.981426849908,1954,271
"456","2022",9,995519,188.728204846171,236.91283692695,1511,101
"455","2022",10,1006011,199.367120252927,299.435821328526,1613,129
"454","2022",11,960107,134.949096330478,274.837240934056,1042,113
"447","2022",12,945560,152.016468754113,301.291938284265,1156,122
"461","2023",1,972486,157.780635015343,196.900703188965,1234,82
"460","2023",2,906167,184.422083513028,219.042030150758,1344,85
"464","2023",3,1045523,201.228117985446,486.899888551872,1692,218
"457","2023",4,979176,241.149353725518,527.045714225652,1899,221
"465","2023",5,1016901,227.678960575335,383.49046424091,1862,167
"463","2023",6,973474,193.385281207583,235.081520832073,1514,98
"462","2023",7,928915,170.000282436726,238.816540066942,1270,95
"458","2023",8,1008435,179.899219557692,379.763053129698,1459,164
"468","2023",9,1017763,122.661692334767,390.048880408547,1004,170
"467","2023",10,1050128,105.264376011113,220.145457609499,889,99
"466","2023",11,1004270,119.728593983879,232.523195760716,967,100
"459","2023",12,950994,163.438411990974,483.732449961861,1250,197
"473","2024",1,960438,122.99180308509,209.096079115662,950,86
"472","2024",2,939576,170.585809330103,347.946837434396,1289,140
"476","2024",3,965448,188.682071360333,244.292007963847,1465,101
"469","2024",4,901201,168.743358996283,215.066714239653,1223,83
"477","2024",5,918542,152.562148028426,203.37976471984,1127,80
"475","2024",6,825172,176.605826112075,175.454285021911,1172,62
"474","2024",7,863187,137.712987252436,194.780007415267,956,72
"470","2024",8,1107744,104.616070593339,120.15787022071,932,57
"480","2024",9,1112344,98.2588453377864,109.164391860287,879,52
"479","2024",10,1194843,139.136944381297,293.154920529242,1337,150
"478","2024",11,1126875,216.824677182357,528.422387582355,1965,255
"471","2024",12,1099321,154.167641824525,282.516546889213,1363,133
"483","2025",1,1124917,247.709848884189,487.825114248912,2241,235
"482","2025",2,985609,226.202565818364,824.501321443916,1793,348
"484","2025",3,1070285,237.350868720257,811.63407847499,2043,372
"481","2025",4,738594,244.109187240373,717.689933117537,1450,227
"485","2025",5,94,0,0,0,0
